Topics;
Do you agree or disagree with the statement: Schools should close the computer lab because many students already carry their laptops to school?;
Do you agree that employees should have the right to work from home if they wish to? Please include specific details to support your opinion.;
Some professors prefer to answer students’ questions at the end of the lecture, and others stop at different points to answer students’ questions. Which style do you think is better for learning?;
"Some people think with the development of technology and the Internet, libraries will eventually disappear; however, others think libraries are always necessary. Which one do you agree with? Please give specific details to support your opinion.";
"Suppose two different universities have accepted you. One university is well-known for its excellent academic programs; however, it is expensive; the other university is less well-known, but it offers a full scholarship to pay for your tuition. Which university would you prefer? Explain why.";
Some people think that in order to be successful, one has to make enemies. Do you agree or disagree? Explain why.;
Do you agree or disagree with the following statement? Children should help their parents with household chores as soon as they are old enough. Use details and examples in your response.;
Do you agree or disagree with the following statement? It is better for children to have teachers who are young, even if they are inexperienced.;
Do you agree or disagree with the following statement? We can learn a lot from making mistakes.;
Some people like to watch news channels on television every day, while others like to watch them only now and then. Which do you prefer? Include details and examples to support your explanation.;
Some companies have rules that forbid employees from using personal cell phones during work hours. Do you think this is a good idea? Why or why not? Use specific reasons and examples to support your answer.;
Your university plans to restrict the use of the Internet to research only and to no longer allow access to personal e-mail and social media sites on library computers. Do you think this is a good idea? Explain why or why not.;
Nowadays, more and more people are using extreme methods, such as surgeries, to change their appearance to look more attractive. Do you think this is a good idea? Support your answer with details and examples.;
When traveling in an unfamiliar place, some people prefer to use smartphones or other navigational devices to get around and find places. Others prefer to explore on their own and ask others for directions when necessary. Which do you prefer?;
Some people prefer to read physical books made from paper, while others prefer to read electronic books on a digital device. Which do you prefer and why?;
Would you prefer to work at one job your entire life or to switch jobs every five years? Explain your response with details and examples.;
Do you agree or disagree with the following statement? ‘Video games have a positive impact on children.’ Provide reasons and examples to support your stance.;
People learn in different ways. Some people learn by doing, other people learn by reading, and others learn by listening. Which of these methods do you believe is the most effective way to learn? Explain with details and examples.;
Some high schools require students to pass a physical fitness exam, in which they are tested on their ability to perform certain physical activities, such as running and swimming, in order to graduate. Do you think this is a good idea?;
Some universities expect the students to choose a major field of study when they enter the school; while other universities wait until the second or the third year before students decide to choose a major field of study. Which do you prefer?
Do you agree or disagree with the following statement? ‘People should be fined when they do not wear masks during a pandemic.’ Be sure to use details during your response.;
‘University students should only use digital textbooks in class.’ Do you agree or disagree with the statement? Please give specific reasons and supporting details in your argument.;
Explain whether you agree or disagree with the following statement: ‘Every country should be required to reduce its carbon emissions by at least 25% in the next five years.’ Please provide specific details in your argument.;
Do you agree or disagree with the following statement: ‘Robots will replace the majority of jobs in the next decade.’ Please include specific details in your argument.;
Do you agree or disagree with the following statement? ‘Students should never ask someone else to help them grammatically correct their research papers.’ Be sure to use details during your response.;
‘Universities should raise tuition once in a while to support their libraries and other research facilities.’ Do you agree or disagree with the statement? Please include specific reasons and details in your answer.;
Explain whether you agree or disagree with the following statement: ‘People who sell illegal drugs should not be sentenced to prison.’ Then give specific details in your argument. ;
Explain whether you agree or disagree with the following statement: ‘Children should not be allowed to play video games.’ Then give specific details in your argument.;
‘Gasoline-powered cars should be replaced with electric-powered cars.’ Do you agree or disagree with the statement? Please include specific reasons and details in your argument.   ;
Do you think it is a government’s responsibility to invest in saving endangered animals or it is non-government organizations’ responsibility to do so?;
Do you agree or disagree with the following statement? It is beneficial to watch television on a frequent basis. ;
Suppose your sociology professor has asked all students in your class to do a final project ?V making a presentation. There are two ways :-to give a presentation in class;#NAME?
Is it better to decide which job to take based on the salary or on the sense of achievement from the job?;
Is the first impression of a person always accurate and reliable? Why or why not? ;
Do you think celebrities are responsible for using their money and popularity to help people?;
Do you think machines will replace humans in the future? Please explain your opinion with details and examples. ;
Do you agree or disagree with the following statement? To be successful in business, a person should be outgoing and friendly. Please explain your opinion with details and examples. ;
Some people believe old people should not take risks and participate in adventurous events as young people. Do you agree or disagree? Why?;
Some people would like to borrow money to make a large purchase. Others will save money until they can afford it. Which do you think is a better way and why?;
Explain whether you agree or disagree with the following statement: ‘Countries should ban companies from selling sugary drinks, such as Coca-Cola and Pepsi.’ Please include specific details in your argument.;
Explain whether you agree or disagree with the following statement: ‘There is such a thing as love at first sight.’, which means that you can tell in the first 30 seconds of meeting a person whether or not you will be able to fall in love. Please include specific details in your argument.;
Do you agree or disagree with the statement? ‘College students should not be required to take general education courses.’ Please include specific reasons and supporting details in your argument.;
Explain whether you agree or disagree with the following statement: ‘Politicians should only be allowed to serve one term, with each term lasting 2 to 4 years.’ Please include specific details in your argument.;
Explain whether you agree or disagree with the statement. ‘Honesty is the most important trait in a friend.’ Please include specific details in your argument. ;
‘Children should not be allowed to use virtual reality headsets.’ Do you agree or disagree with the statement? Please include specific reasons and supporting details in your argument.;
Explain whether you agree or disagree with the following statement: ‘All workers should have a guaranteed minimum wage that supports basic quality of life regardless of what skills they possess.’ Please include specific details in your argument.;
‘Writing essays is an effective wage to gauge students’ knowledge.’ Explain whether you agree or disagree with the following statement. Please include specific details in your argument.;
Do you agree or disagree with the following statement? ‘Online learning is more effective than traditional classroom learning.’ Please include specific details in your argument.   ;
‘Teenagers should not be allowed to watch movies with violence and sex.’ Do you agree or disagree with the statement? Please include specific details in your argument.;
‘Teachers’ pay should be based on how much their students are learning.’ Explain whether you agree or disagree with the statement. Please include specific details in your argument.;
‘People older than 65 years old should not be allowed to drive.’ Do you agree or disagree with the statement? Please include specific details in your argument.;
‘Physical libraries should be replaced by online databases and libraries.’ Explain whether you agree or disagree with the mentioned statement. Then give specific details in your argument.;
‘More money should be allocated to academic research projects than to university sports programs.’ Explain whether you agree or disagree with the mentioned statement. Then give specific details in your argument.;
Some people like to negotiate with merchants to get a lower price when shopping, while other people like to buy things without negotiating. Which do you prefer?;
 ‘Even illegal drugs like cocaine and heroin should be legalized with conditions applied.’  Do you agree or disagree with the statement? Please include details and examples in your response.;
Do you agree or disagree with the following statement? ‘Solar power is a better form of energy than wind power.’ Please include details and examples in your response.;
"Do you agree or disagree with the following statement? ‘It is better to have arranged marriages; that is, the parents determine who their sons and daughters marry.’ Please include details and examples in your response.";
‘No matter the circumstance, you should never tell a lie.’ Do you agree or disagree with the statement? Make sure to include specific reasons and supporting details in your argument.;
Do you agree or disagree with the following statement? ‘Countries should spend more money on helping the poor than on exploring outer space.’ Please include details and examples in your response.;
Do you agree or disagree with the following statement? ‘The legal driving age should be changed to 21 years old from the current 16 years old requirement.’ Please include details and examples in your response.;
Do you prefer to study at home or in a library? Please provide specific details to support your explanation.;
Do you prefer to run or to walk as your exercise? Illustrate your argument with reasons and supporting details.;
Some prefer to travel by planes when visiting a destination 500 to 1,000 kilometers away. Others prefer to travel by train despite the long travel distance. Which do you prefer? Include examples and details to support your answer.;
‘Some people like having outdoor jobs such as park rangers, construction workers, or sports coaches.  Others prefer to work indoors such as being an accountant, a lawyer, or a doctor. Which type of job would you prefer?  Please include specific details to support your response.;
Some students prepare for their tests more effectively in their apartments or off-campus locations, whereas others prefer to prepare in libraries on campus. Which do you prefer? Include examples and details to support your answer.;
Do you prefer to work from home on a computer or to work in an office space? Please provide specific details to support your response.;
Some prefer electric vehicles as they seem to be more environmentally friendly while others prefer to have gasoline cars. Which would you prefer? Please provide specific details to support your response.;
Some students choose to attend universities close to their homes so that they can still live with their parents, while others attend universities far away from home. Which do you prefer? Please include details and examples to support your answer.;
Some people like to watch action movies with violence and drama. Others prefer to watch comedies. Which type of movie do you find more entertaining? Please include details and examples to support your answer.;
‘Some people like to go to the beach for a vacation, whereas others prefer to go into the mountains for fun. Which do you prefer? Please include details and examples to support your answer.;
Do you prefer to go to bed earlier at around 9:00 PM or to stay up until 12:00 AM? Provide specific details to support your explanation.;
Do you prefer to buy used cars? Or do you believe that you should always buy a new car? Illustrate your argument with reasons and supporting details.;
Some people like to buy new electronic gadgets like smartphones right when the products are newly released, while others will wait a few months before making a purchase. Which do you prefer? Include examples and details to support your answer.;
Some students are eager to talk to their professors during office hours when they have questions about course materials. However, others prefer to talk to other students during class when they have questions. Which approach would you prefer? Give some specific details to support your response.;
For many, summer is the most favored season of the year, whereas others enjoy the winter time in a year. Which do you prefer? Include examples and details to support your answer.  ;
Do you prefer to live in a climate that has four seasons (i.e., fall, winter, spring, summer) or one that only has one season or similar weather all the time? Please provide specific details to support your explanation.;
Some consumers prefer to buy trucks, while others prefer four door sedans. Which do you prefer? Include some examples and details to support your answer.;
Some people believe that it is necessary to have a pool when purchasing a house.  However, others prefer not to buy homes with pools. Which view do you support?  Give some specific details to support your response.;
Some believe that people who sell illegal drugs should be jailed, whereas others think that these drug dealers should not be imprisoned. What do you think? Include some examples and details to support your answer.;
Do you prefer to read printed books? Or do you believe that listening to audiobooks are a better choice? Illustrate your argument with reasons and supporting details.;
‘Some prefer individual sports such as track and field and cross-country, while others like team sports like basketball and soccer. Which do you prefer? Include examples and details to support your answer.;
‘Some prefer a diet with meat as the main source of protein. Others prefer to eat vegetarian foods without any meat. Which type of diet do you prefer?  Give specific details to support your response.;
‘Some people choose to exercise right after they wake up before going to work, whereas others exercise after work in the evening. Which do you prefer? Include some examples and details to support your answer.;
Do you prefer to attend university classes in the morning, afternoon, or in the evening? Provide specific details to support your explanation.;
Do you prefer to study alone when you are preparing for a big examination? Or do you believe that studying in a group is a better way to prepare? Illustrate your argument with reasons with supporting details.;
Some say children between eight and eleven years of age should be given smartphones, while others believe children at these ages should not be allowed to have smartphones. Which do you prefer? Include examples and details to support your answer.;
Some say it is better to remain loyal to one company all their lives. However, others prefer to change jobs frequently throughout their lives. Which view do you support?  Please include specific details to support your response.;
Some people believe that a healthy diet is the most important way to stay healthy. Others maintain that exercise is more important. Which opinion do you agree with more? Explain why.;
Some people believe that competing against themselves and reaching personal goals while practicing physical activities is beneficial. Others prefer to enjoy and have fun while doing exercises. Which behavior do you think is better?;
Some people prefer waking up early while others like to stay in bed for as long as possible in the morning. Which do you prefer? Explain why.;
Some people think that price is the most important thing to consider when buying something. Others think that quality is more important. Which do you think is more important and why?;
Some people like to spend time with their colleagues outside of work to foster friendships, whilst others choose to keep their social life totally separated from their work life. Which do you think is better? Include details and examples to support your explanation.;
Some people believe that there are benefits to failure. Others believe that failures do not yield any benefit. Which view do you agree with and why? Use details and examples to support your response.;
Which of the following qualities do you believe is the most important when it comes to choosing a life partner? HonestyIntelligenceMaturityUse details and examples to support your response.;
Which mode of transportation will you choose to go to the office? Private vehicles, public transportation, or taxi service?;
Do you agree or disagree that students should start working right after college graduation? Give reasons and examples to support your statement.;
Do you agree or disagree that working from home should be a default right of all employees? Please include reasons and examples to support your statement.;
Is it better to purchase online or do the shopping offline? Why? Please include reasons and examples to support your statement.;
Some believe that brick and mortar stores still exist and have their importance in the future while others believe that there will only be online stores in the future. Which view do you agree with and why? Please include reasons and examples to support your statement.;
Should students be encouraged to explore new careers or to follow more traditional career paths? Why? Please include reasons and examples to support your statement.;
Describe your favorite hobby and explain why you enjoy it.;
Discuss the advantages and disadvantages of living in a big city versus living in a small town.;
Talk about a memorable trip you have taken and why it was significant to you.;
Describe a person who has had a significant impact on your life and explain why.;
Discuss the importance of learning a foreign language.;
Explain the effects of technology on modern society.;
Discuss the pros and cons of online education.;
Describe your favorite restaurant and what makes it special to you.;
Talk about a time when you had to overcome a difficult challenge.;
Discuss the benefits of exercise and staying physically active.;
Describe a book or movie that has influenced your life and explain why.;
Discuss the importance of preserving the environment.;
Explain the impact of social media on interpersonal relationships.;
Describe your dream job and why you are interested in it.;
Discuss the role of art and creativity in society.;
Talk about a historical event that has influenced the world.;
Describe a memorable childhood experience and why it is significant to you.;
Discuss the advantages and disadvantages of living in a multicultural society.;
Explain the importance of time management skills.;
Describe a time when you had to make a difficult decision.;
Discuss the benefits of traveling abroad.;
Explain the role of music in your life.;
Describe a traditional celebration or festival in your culture.;
Discuss the impact of globalization on the world economy.;
Explain the importance of volunteer work in the community.;
Describe your favorite type of cuisine and why you enjoy it.;
Discuss the benefits of a healthy diet and lifestyle.;
Explain the concept of cultural diversity and its importance.;
Describe a memorable experience you had while studying.;
Discuss the impact of advertising on consumer behavior.;
Explain the benefits of renewable energy sources.;
Describe a recent technological advancement and its implications.;
Discuss the role of government in promoting public health.;
Explain the importance of setting goals in life.;
Describe a famous historical figure and their contributions to society.;
Discuss the benefits of learning a musical instrument.;
Explain the impact of climate change on the environment.;
Describe a tradition in your culture that you find meaningful.;
Discuss the role of sports in society.;
Explain the benefits of lifelong learning.;
Describe a place you would like to visit in the future and why.;
Discuss the importance of cultural awareness in today's world.;
Explain the benefits of studying abroad.;
Describe a memorable concert or performance you attended.;
Discuss the impact of social networking sites on communication.;
Explain the benefits of a diverse workforce.;
Describe a time when you had to work as part of a team.;
Discuss the role of technology in education.;
Explain the importance of financial literacy.;
Describe a skill you would like to learn and why.;
Discuss the benefits of a multicultural education.;
Explain the impact of urbanization on the environment.;
Describe a place in nature that is special to you and why.;
Discuss the importance of empathy in relationships.;
Explain the benefits of meditation and mindfulness.;
Describe a memorable sporting event you watched or participated in.;
Discuss the impact of artificial intelligence on society.;
Explain the benefits of learning a musical instrument.;
Describe a time when you had to adapt to a new situation.;
Discuss the importance of cultural preservation.;
Explain the benefits of studying history.;
Describe a traditional dish from your culture and how it is prepared.;
Discuss the impact of social media on mental health.;
Explain the benefits of learning a second language.;
Describe a famous landmark or tourist attraction in your country.;
Discuss the role of education in reducing poverty.;
Explain the benefits of a healthy work-life balance.;
Describe a memorable family gathering or celebration.;
Discuss the impact of technology on the future of work.;
Explain the benefits of a diverse diet.;
Describe a time when you had to overcome a fear.;
Discuss the importance of cultural exchange programs.;
Explain the benefits of practicing gratitude.;
Describe a memorable museum or art exhibition you visited.;
Discuss the impact of social media on democracy.;
Explain the benefits of learning to cook.;
Describe a time when you had to make a presentation or speech.;
Discuss the importance of mental health awareness.;
Explain the benefits of reading for pleasure.;
Describe a cultural tradition or custom that you find interesting.;
Discuss the impact of automation on the job market.;
Explain the benefits of learning about different cultures.;
Describe a time when you had to resolve a conflict.;
Discuss the importance of community service.;
Explain the benefits of practicing mindfulness.;
Describe a memorable piece of artwork and its significance to you.;
Discuss the impact of climate change on wildlife.;
Explain the benefits of learning to play a team sport.;
Describe a time when you had to use critical thinking skills.;
Discuss the importance of preserving indigenous cultures.;
Explain the benefits of learning about world religions.;
Describe a time when you had to demonstrate leadership.;
Discuss the impact of social media on political discourse.;
Explain the benefits of volunteering in your community.;
Describe a time when you had to overcome a language barrier.;
Discuss the importance of sustainable living practices.;
Explain the benefits of participating in extracurricular activities.;
Describe a memorable performance you saw, such as a play or concert.;
Discuss the impact of technology on human relationships.;
Explain the benefits of lifelong friendships.;
Describe your favorite holiday destination and explain why you like it.;
Discuss the advantages and disadvantages of living in a big city.;
Talk about a memorable event from your childhood.;
Explain the process of preparing your favorite meal.;
Describe a book or movie that has had a significant impact on you.;
Discuss the importance of learning a second language.;
Talk about a recent technological advancement and its impact on society.;
Describe your favorite hobby and why you enjoy it.;
Discuss the benefits of traveling to different countries.;
Talk about a historical figure who you admire and explain why.;
Describe a problem in your community and suggest possible solutions.;
Discuss the impact of social media on communication.;
Talk about a time when you had to overcome a challenge.;
Describe your dream job and what steps you would take to achieve it.;
Discuss the role of sports in society.;
Talk about a time when you had to make a difficult decision.;
Describe a traditional celebration in your country.;
Discuss the benefits of volunteering in your community.;
Talk about a skill you would like to learn and why.;
Describe your favorite type of music and explain why you enjoy it.;
Discuss the impact of climate change on the environment.;
Talk about a memorable trip you took and what you learned from it.;
Describe the education system in your country.;
Discuss the pros and cons of online shopping.;
Talk about the role of family in your life.;
Describe a famous landmark you would like to visit.;
Discuss the importance of protecting endangered species.;
Talk about a time when you had to work in a team.;
Describe a recent news story that interested you.;
Discuss the benefits of exercise and staying fit.;
Talk about a cultural event you attended recently.;
Describe a time when you experienced a different culture.;
Discuss the impact of globalization on the world.;
Talk about a memorable birthday celebration.;
Describe a goal you have set for yourself and how you plan to achieve it.;
Discuss the benefits of studying abroad.;
Talk about a famous person you would like to meet.;
Describe a traditional dish from your country.;
Discuss the pros and cons of using public transportation.;
Talk about a time when you had to give a presentation.;
Describe a time when you helped someone in need.;
Discuss the impact of technology on education.;
Talk about a recent movie you watched and what you thought of it.;
Describe a time when you experienced failure and what you learned from it.;
Discuss the benefits of reading books.;
Talk about a memorable concert or music festival you attended.;
Describe a time when you had to adapt to a new environment.;
Discuss the importance of cultural diversity.;
Talk about a memorable experience from your high school years.;
Describe a place you would like to visit in the future.;
Discuss the impact of social media influencers on young people.;
Talk about a time when you had to solve a problem creatively.;
Describe a family tradition that is important to you.;
Discuss the benefits of learning a musical instrument.;
Talk about a recent trend in fashion or entertainment.;
Describe a time when you had to take a risk.;
Discuss the impact of artificial intelligence on the workforce.;
Talk about a memorable conversation you had with someone.;
Describe a time when you had to apologize to someone.;
Discuss the pros and cons of working from home.;
Talk about a time when you learned something new about yourself.;
Describe a historical event that interests you.;
Discuss the benefits of eating healthy food.;
Talk about a time when you had to stand up for what you believe in.;
Describe a time when you experienced culture shock.;
Discuss the impact of video games on young people.;
Talk about a memorable experience from your college years.;
Describe a piece of art or music that you find inspiring.;
Discuss the benefits of learning a new skill as an adult.;
Talk about a time when you had to make a difficult ethical decision.;
Describe a natural disaster you have experienced or read about.;
Discuss the impact of social media on mental health.;
Talk about a time when you had to deal with a difficult person.;
Describe a time when you had to manage your time effectively.;
Discuss the benefits of having a pet.;
Talk about a time when you had to give up something important to you.;
Describe a traditional ceremony or festival in your culture.;
Discuss the impact of automation on the job market.;
Talk about a time when you had to confront a fear.;
Describe a time when you had to make a difficult financial decision.;
Discuss the benefits of learning a new language.;
Talk about a time when you had to resolve a conflict.;
Describe a time when you experienced discrimination or prejudice.;
Discuss the impact of social media on democracy.;
Talk about a time when you had to be a leader.;
Describe a time when you had to negotiate with someone.;
Discuss the benefits of meditation and mindfulness.;
Talk about a time when you had to deal with a difficult customer.;
Describe a time when you had to adapt to a new technology.;
Discuss the impact of globalization on cultural identity.;
Talk about a time when you had to confront someone about their behavior.;
Describe a time when you had to make a sacrifice for someone else.;
Discuss the benefits of having a diverse workforce.;
Talk about a time when you had to think quickly on your feet.;
Describe a time when you had to work under pressure.;
Discuss the impact of social media on relationships.;
Talk about a time when you had to break a bad habit.;
Describe a time when you had to ask for help.;
Discuss the benefits of studying literature.;
Talk about a time when you had to change your plans at the last minute.;
If you could have any superpower, what would it be and why?;
What's the most adventurous thing you've ever done?;
If you could travel to any place in the world, where would you go and why?;
What is your favorite childhood memory?;
If you could meet any historical figure, who would it be and what would you ask them?;
Describe your dream job and why it appeals to you.;
If you could have dinner with any fictional character, who would it be and why?;
What's the best book you've ever read, and why did it resonate with you?;
If you could only eat one food for the rest of your life, what would it be?;
If you could go back in time and change one event in history, what would it be?;
What's the most interesting thing you've learned recently?;
If you could live in any period of history, which would you choose and why?;
What's the most important lesson life has taught you so far?;
Describe your ideal weekend.;
If you could speak any language fluently, which would you choose and why?;
What's your favorite way to relax and unwind?;
If you could have any animal as a pet, which would you choose and why?;
Describe a place you've always wanted to visit but haven't yet.;
If you could have dinner with any celebrity, who would it be and why?;
What's the most challenging thing you've ever done, and what did you learn from it?;
If you could invent something that would make the world a better place, what would it be?;
What's your favorite quote, and how does it inspire you?;
If you could be any character from a movie, who would you be and why?;
What's your favorite way to spend a rainy day?;
If you could change one thing about the world, what would it be?;
Describe a moment when you felt truly happy.;
If you could have any job for just one day, what would it be?;
What's the most beautiful place you've ever been to, and why was it special?;
If you could have any talent, what would it be?;
Describe your perfect day from start to finish.;
If you could have dinner with any person from history, who would it be and why?;
What's the best piece of advice you've ever received?;
If you could live in any fictional world, which would you choose and why?;
What's the most interesting dream you've ever had?;
If you could spend a day in someone else's shoes, who would it be and why?;
Describe a goal you've set for yourself and how you plan to achieve it.;
If you could have any job in the world, what would it be and why?;
What's your favorite thing about yourself, and why?;
If you could have any magical ability, what would it be and how would you use it?;
Describe a time when you overcame a fear.;
If you could live anywhere in the world, where would you choose and why?;
What's your favorite way to spend time with friends?;
If you could have any fictional character as a best friend, who would it be and why?;
Describe a moment when you felt proud of yourself.;
If you could witness any event in history, what would it be and why?;
What's your favorite thing to do when you're feeling stressed?;
If you could have any job for a week, what would it be and why?;
What's the most interesting place you've ever visited, and what did you learn from it?;
If you could have any animal as a sidekick, which would you choose and why?;
Describe a time when you had to make a difficult decision.;
If you could have any hobby or skill instantly, what would it be?;
What's your favorite memory with your best friend?;
If you could be any age for a week, what age would you choose and why?;
Describe your ideal vacation.;
If you could have any car, what would it be and why?;
What's the most important thing you've learned from a mistake?;
If you could have any meal right now, what would it be?;
Describe a moment when you felt inspired.;
If you could have any job in the world for a month, what would it be and why?;
What's your favorite thing about your hometown?;
If you could have any magical object, what would it be and why?;
Describe a time when you had to step out of your comfort zone.;
If you could have any animal's abilities, which would you choose and why?;
What's your favorite thing about nature, and why?;
If you could live in any time period, which would you choose and why?;
Describe a moment when you felt grateful.;
If you could have any fictional technology, what would it be and how would you use it?;
What's your favorite way to spend a sunny day?;
If you could have any job in the world for a year, what would it be and why?;
Describe a time when you had to persevere through a difficult situation.;
If you could have any animal as a companion, which would you choose and why?;
What's your favorite thing about yourself, and why?;
If you could have any mythical creature as a pet, which would you choose and why?;
Describe a time when you had to overcome a challenge.;
If you could have any job in the world for a decade, what would it be and why?;
What's your favorite way to spend time alone?;
If you could have any skill instantly, what would it be and why?;
Describe a moment when you felt truly alive.;
If you could have any animal's abilities for a day, which would you choose and why?;
What's your favorite thing about the city you live in?;
If you could have any job in the world for a lifetime, what would it be and why?;
Describe a time when you had to make a difficult choice.;
If you could have any animal as a friend, which would you choose and why?;
What's your favorite thing about your family?;
If you could have any magical power, what would it be and why?;
Describe a moment when you felt inspired by someone else.;
If you could have any job in the world for a century, what would it be and why?;
What's your favorite way to spend a winter evening?;
If you could have any talent instantly, what would it be and why?;
Describe a time when you felt like you belonged.;
If you could have any animal as a mentor, which would you choose and why?;
What's your favorite thing about your friends?;
If you could have any superpower for a day, what would it be and why?;
Describe a moment when you felt like you were part of something bigger than yourself.;
If you could have any job in the world for eternity, what would it be and why?;
What's your favorite way to spend a summer day?;
If you could have any talent for a week, what would it be and why?;
Describe a time when you felt like you were making a difference.;
If you could have any animal's perspective for an hour, which would you choose and why?;
What's your favorite thing about yourself, and why?;
What is the most significant challenge facing humanity today?;
How can we balance technological advancement with ethical considerations?;
Describe a moment when you had to overcome a fear.;
Do you think the education system adequately prepares students for the real world? Why or why not?;
Discuss the impact of social media on interpersonal relationships.;
What role should governments play in addressing climate change?;
How do you define success, and how do you measure it in your own life?;
Should the death penalty be abolished worldwide?;
What is the biggest misconception people have about your country?;
Describe a time when you had to make a difficult decision.;
Should genetic engineering be used to enhance human capabilities?;
How do you think artificial intelligence will change the job market in the next decade?;
Discuss the pros and cons of globalization.;
What responsibility do individuals have in preserving the environment?;
Is it ever justified to break the law for a moral cause?;
How can we address income inequality on a global scale?;
Describe a personal achievement you are proud of.;
Should animal testing be banned?;
Discuss the impact of immigration on society.;
What are the ethical implications of human cloning?;
Do you believe in fate or free will? Why?;
How can we promote gender equality in the workplace?;
What role should the arts play in education?;
Should college education be free for everyone?;
Discuss the importance of cultural diversity.;
Is democracy the best form of government? Why or why not?;
Describe a moment when you had to overcome a failure.;
Should the voting age be lowered?;
How can we combat misinformation in the age of the internet?;
Discuss the ethics of surveillance in modern society.;
Should the government regulate the use of social media platforms?;
Describe a time when you had to work as part of a team to achieve a goal.;
What measures should be taken to address mental health issues in society?;
Should there be limits on freedom of speech?;
Discuss the impact of technology on personal relationships.;
Should the wealthy be taxed more heavily?;
How can we promote sustainable living practices?;
What are the benefits and drawbacks of capitalism?;
Describe a significant historical event that still impacts the world today.;
Should healthcare be considered a fundamental human right?;
Discuss the impact of automation on employment.;
Should the United Nations have more authority in global affairs?;
How can we prevent cyberbullying?;
Describe a time when you had to stand up for what you believe in.;
Should there be limits on campaign spending in elections?;
What role should religion play in politics?;
Discuss the ethics of animal rights and welfare.;
Should there be limits on the power of multinational corporations?;
How can we promote peace in conflict zones around the world?;
Describe a cultural tradition that you find particularly meaningful.;
Should the government provide financial assistance to struggling industries?;
Discuss the impact of income inequality on society.;
Should the international community intervene in humanitarian crises?;
How can we address the challenges of an aging population?;
Should affirmative action policies be implemented to address inequality?;
Describe a time when you had to challenge authority.;
Should recreational drug use be legalized?;
What are the pros and cons of renewable energy sources?;
Discuss the ethics of artificial intelligence and autonomous weapons.;
Should there be limits on executive compensation?;
How can we promote inclusivity and diversity in the workplace?;
Should prisoners have the right to vote?;
Describe a time when you had to adapt to a new culture or environment.;
Should the government provide universal basic income?;
Discuss the impact of social media on mental health.;
How can we address systemic racism in society?;
Should there be limits on the export of natural resources?;
What are the ethical considerations of human space exploration?;
Should there be limits on the influence of lobbyists in politics?;
Describe a moment when you had to negotiate a difficult situation.;
Should education be tailored to individual learning styles?;
Discuss the impact of globalization on cultural identity.;
How can we promote equality of opportunity?;
Should there be restrictions on the use of military force by governments?;
What are the ethical implications of genetic modification in agriculture?;
Should the government regulate the internet more strictly?;
How can we promote responsible consumption and production?;
Describe a time when you had to reconcile conflicting viewpoints.;
Should there be term limits for politicians?;
Discuss the impact of climate change on global security.;
Should nuclear weapons be abolished worldwide?;
How can we bridge the gap between the rich and the poor?;
Should there be limits on corporate lobbying in politics?;
What are the ethical considerations of using animals in scientific research?;
Should the international community prioritize space exploration?;
How can we address the refugee crisis?;
Should there be restrictions on the use of fossil fuels?;
Discuss the impact of income inequality on access to healthcare.;
Should there be limits on the power of social media companies?;
What role should empathy play in decision-making?;
Should there be restrictions on the sale of firearms?;
How can we promote sustainable agriculture?;
Should there be limits on the use of artificial intelligence in warfare?;
What are the ethical implications of geoengineering to combat climate change?;
Should there be limits on corporate mergers and acquisitions?;
How can we address the digital divide?;
Should there be restrictions on the use of pesticides in agriculture?;
What are the ethical considerations of human genetic engineering?;
Should there be limits on the influence of the pharmaceutical industry in healthcare?;
How can we promote ethical leadership in politics and business?;
In your opinion, what is the single most significant challenge facing humanity today, and how do you believe individuals, governments, and organizations should address it considering its global implications for future generations?;
The balance between technological advancement and ethical considerations is often precarious. Could you delve into specific examples where this balance has been challenged, and discuss the potential long-term impacts of prioritizing technological progress over ethical concerns or vice versa?;
Reflecting on a moment when you had to confront and overcome a fear, could you describe the circumstances surrounding that fear, your emotional journey in overcoming it, and any lasting lessons or personal growth you gained from the experience?;
The efficacy of education systems in preparing students for the complexities of the real world is a subject of ongoing debate. Drawing from your own experiences and observations, can you articulate the strengths and weaknesses of the education system in adequately equipping individuals with the skills, knowledge, and adaptability required for success in adulthood?;
The advent of social media has revolutionized how we communicate and interact with one another, but it has also brought about significant changes in the dynamics of personal relationships. Could you explore the positive and negative impacts of social media on interpersonal relationships, highlighting specific examples and potential strategies for fostering healthier digital interactions?;
Governments worldwide are grappling with the urgent need to address climate change. From your perspective, what should be the role of governments in formulating and implementing effective policies to mitigate climate change, considering the complex interplay of political, economic, and environmental factors?;
Success means different things to different people, and measuring it can be subjective. Can you share your personal definition of success and elaborate on the criteria you use to assess your own achievements and fulfillment in life?;
The debate surrounding the abolition of the death penalty is deeply rooted in questions of morality, justice, and human rights. Drawing from philosophical, legal, and empirical perspectives, could you present a comprehensive argument either for or against the abolition of the death penalty, taking into account its implications for society and the criminal justice system?;
Every country has its own unique cultural identity, but misconceptions about nations and their people abound. What do you believe are the most pervasive misconceptions about your country, and how do these stereotypes influence perceptions of its people on a global scale?;
Decision-making often involves weighing multiple factors and considering various consequences. Reflecting on a time when you faced a difficult decision, could you walk us through the process of how you arrived at your final choice, including any ethical dilemmas or conflicting interests you encountered along the way?;
As genetic engineering technologies continue to advance, questions about the ethical implications of human enhancement arise. Could you delve into the moral considerations surrounding the use of genetic engineering to augment human capabilities, exploring both the potential benefits and the risks of such interventions for individuals and society as a whole?;
The integration of artificial intelligence into various aspects of our lives is inevitable, but its widespread adoption raises concerns about its impact on the future of work. From your perspective, how do you envision artificial intelligence reshaping the job market in the coming decade, and what strategies can individuals and societies implement to mitigate potential disruptions and ensure equitable opportunities for all?;
Globalization has facilitated unprecedented interconnectedness and economic growth, but it has also sparked debates about its consequences for cultural diversity, economic inequality, and sovereignty. Can you provide a nuanced analysis of the pros and cons of globalization, considering its multifaceted impacts on different regions, industries, and social groups?;
Environmental conservation and sustainability are paramount in addressing the pressing challenges of climate change and biodiversity loss. Given the urgency of these issues, what do you believe individuals' responsibilities are in promoting environmental stewardship, and how can collective action at local, national, and international levels contribute to sustainable development and ecological resilience?;
Civil disobedience has historically played a pivotal role in social and political movements, challenging unjust laws and advocating for change. Do you believe there are circumstances in which it is morally justifiable to break the law for a higher ethical cause, and if so, what principles should guide individuals in deciding when to engage in acts of civil disobedience?;
Income inequality persists as a pervasive and complex issue worldwide, with profound implications for social cohesion, economic mobility, and public health. Drawing from economic theory, empirical evidence, and ethical considerations, could you propose effective strategies for addressing income inequality on a global scale, while also promoting sustainable economic growth and social justice?;
Personal achievements often serve as milestones in our lives, symbolizing perseverance, skill, and determination. Can you share a significant personal achievement that you are particularly proud of, elaborating on the challenges you faced, the lessons you learned, and the impact it had on your personal development and aspirations?;
The ethical use of animals in scientific research remains a contentious issue, balancing the pursuit of knowledge and medical advancements with concerns for animal welfare and rights. Could you explore the moral considerations surrounding animal testing, examining the ethical principles, regulations, and alternatives that inform responsible research practices and the protection of animal subjects?;
Immigration is a complex and multifaceted phenomenon that has profound implications for society, culture, and the economy. From your perspective, what are the key drivers and impacts of immigration, and how can nations navigate the challenges and opportunities of immigration policies in an increasingly interconnected world?;
Human cloning represents a frontier of scientific possibility fraught with ethical dilemmas and existential questions. Can you examine the ethical implications of human cloning, considering issues such as individual autonomy, genetic identity, and the potential societal consequences of cloning technology?;
The debate between fate and free will has fascinated philosophers, theologians, and scientists for centuries. Could you delve into your beliefs regarding fate and free will, discussing whether you perceive human actions as predetermined by cosmic forces or as products of individual agency and choice, and how these perspectives influence your worldview and decision-making?;
Gender equality in the workplace remains an elusive goal in many societies, despite progress in recent decades. From your perspective, what strategies can organizations and policymakers implement to promote gender equality in employment opportunities, pay equity, and leadership representation, fostering inclusive work environments where all individuals can thrive and contribute their talents?;
The arts encompass a diverse array of creative expressions that enrich our lives, stimulate our imaginations, and reflect the complexities of the human experience. Could you articulate the importance of the arts in education, advocating for their integration into curricula and extracurricular activities to foster creativity, empathy, and cultural appreciation among students of all ages?;
The debate over the affordability and accessibility of higher education continues to intensify, as concerns about student debt, tuition costs, and socioeconomic barriers persist. Drawing from economic theory and educational policy, could you propose strategies for making college education more affordable and equitable, ensuring that all individuals have access to the transformative opportunities offered by higher learning institutions?;
Cultural diversity encompasses the rich tapestry of human traditions, languages, and customs that shape our identities and enrich our communities. Can you discuss the importance of cultural diversity in fostering mutual understanding, respect, and collaboration across diverse societies, and how individuals and institutions can promote intercultural dialogue and appreciation in an increasingly globalized world?;
Democracy stands as a cornerstone of modern governance, but its effectiveness and legitimacy have been called into question by critics who cite challenges such as political polarization, voter disenfranchisement, and systemic inequalities. From your perspective, what are the strengths and weaknesses of democracy as a form of government, and how can nations strengthen democratic institutions and practices to ensure the integrity and inclusivity of the democratic process?;
Failure is an inevitable part of the human experience, yet it often serves as a catalyst for growth, resilience, and self-discovery. Can you reflect on a time when you faced a significant failure or setback, describing the emotions you experienced, the lessons you gleaned from the experience, and how it ultimately shaped your character and future endeavors?;
The debate surrounding the voting age reflects broader questions about civic engagement, youth empowerment, and political participation. Do you believe the voting age should be lowered, and if so, what arguments would you present to support your position, considering factors such as cognitive development, maturity, and the rights and responsibilities of young citizens in shaping the future of their societies?;
Misinformation and disinformation pose significant challenges to public discourse, democratic governance, and societal trust, particularly in the age of social media and digital communication. How can individuals, media outlets, and technology platforms collaborate to combat misinformation, promote media literacy, and foster a culture of critical thinking and evidence-based reasoning in the digital age?;
Surveillance technologies have become increasingly pervasive in modern society, raising concerns about privacy, civil liberties, and government overreach. Can you explore the ethical dimensions of surveillance practices, balancing the imperative for public safety and national security with the protection of individual rights and freedoms, and proposing safeguards and accountability mechanisms to mitigate potential abuses of surveillance powers?;
Social media platforms have become influential channels for communication, information dissemination, and social interaction, but they also face scrutiny for their role in shaping public discourse, amplifying misinformation, and facilitating online harassment. How should governments and tech companies balance the competing interests of free expression, user safety, and content moderation on social media platforms, and what strategies can individuals employ to navigate the digital landscape responsibly?;
Collaboration and teamwork are essential skills in both personal and professional settings, yet they often require individuals to navigate interpersonal dynamics, differing perspectives, and conflicting priorities. Can you describe a specific experience when you worked as part of a team to achieve a common goal, reflecting on the challenges you encountered, the strategies you employed to foster collaboration and cohesion, and the lessons you learned from the collective endeavor?;
Mental health issues affect individuals across all walks of life, yet stigma, access barriers, and inadequate resources often compound the challenges of seeking and receiving appropriate care. How can societies address the stigma surrounding mental illness, improve access to mental health services, and prioritize preventative and holistic approaches to mental well-being, fostering resilient and supportive communities where individuals can thrive?;
Freedom of speech is a fundamental human right enshrined in many democratic societies, but it also raises complex questions about the limits of expression, the harms of hate speech, and the responsibilities of individuals and institutions in fostering respectful discourse. Can you explore the ethical considerations surrounding freedom of speech, discussing the tensions between protecting individual liberties and safeguarding against the spread of harmful or incendiary speech, and proposing principles for balancing competing interests in diverse and pluralistic societies?;
Technology has revolutionized how we communicate, connect, and relate to one another, but it has also reshaped the dynamics of personal relationships, introducing new challenges and opportunities for intimacy, empathy, and understanding. From your perspective, how has technology influenced interpersonal relationships, and what strategies can individuals employ to cultivate meaningful connections, empathy, and emotional intimacy in an increasingly digital world?;
The distribution of wealth and resources within societies has profound implications for economic opportunity, social mobility, and societal well-being. Can you discuss the ethical considerations surrounding wealth inequality, examining the root causes, consequences, and potential solutions to address disparities in income, wealth, and access to basic necessities, while promoting inclusive economic growth and social cohesion?;
Capitalism is a dominant economic system characterized by private ownership, free markets, and profit-driven incentives, but it also faces criticism for exacerbating inequality, exploiting labor, and prioritizing short-term gains over long-term sustainability. Can you provide a nuanced analysis of the pros and cons of capitalism, considering its impacts on innovation, economic development, and social justice, and exploring alternative models or reforms to address its shortcomings?;
Historical events shape the trajectory of nations and cultures, leaving indelible imprints on collective memory, identity, and consciousness. Can you describe a significant historical event that continues to reverberate in the contemporary world, reflecting on its causes, consequences, and enduring legacies, and considering how societies reckon with the complexities of their past to inform their present and future trajectories?;
Healthcare is a fundamental human right essential for individual well-being, public health, and social equity, yet access to quality healthcare remains unevenly distributed across the globe. How can societies ensure universal access to healthcare services, address systemic barriers to care, and prioritize preventative and holistic approaches to health promotion, fostering healthy populations and resilient healthcare systems capable of meeting diverse needs?;
Automation and technological advancements are reshaping the nature of work, with profound implications for employment, income distribution, and social stability. Can you discuss the impacts of automation on the labor market, examining trends such as job displacement, skills mismatch, and the emergence of new industries, and proposing strategies for retraining, reskilling, and adapting to the evolving demands of the digital economy?;
The United Nations serves as a crucial forum for international cooperation, conflict resolution, and humanitarian assistance, yet it also faces challenges such as bureaucratic inefficiencies, geopolitical tensions, and questions about its effectiveness and relevance in addressing global crises. From your perspective, how can the United Nations strengthen its role in promoting peace, security, and sustainable development, and what reforms or innovations are needed to enhance its impact and legitimacy in the 21st century?;
Cyberbullying poses a significant threat to the mental and emotional well-being of individuals, particularly adolescents and young adults who are frequent users of digital platforms. How can societies combat cyberbullying, promote digital citizenship, and empower individuals to navigate online spaces safely and responsibly, fostering inclusive and respectful online communities where all individuals are treated with dignity and respect?;
Challenging authority requires courage, conviction, and a commitment to principles of justice and equity. Can you describe a specific instance when you stood up for what you believed in, despite facing resistance or opposition from those in positions of power or authority, reflecting on the moral and ethical considerations that guided your actions and the impact they had on yourself and others?;
Campaign spending in elections has skyrocketed in recent years, raising concerns about the influence of money in politics, political corruption, and the erosion of democratic principles. Do you believe there should be limits on campaign spending, and if so, what mechanisms can be implemented to regulate political finance, ensure transparency, and level the playing field for candidates of diverse backgrounds and perspectives?;
Religion has historically played a significant role in shaping political ideologies, social norms, and public policies, yet its influence in contemporary governance varies widely across different societies and cultures. How should religion and spirituality intersect with politics, and what principles should guide the relationship between faith-based values and secular governance in pluralistic societies committed to principles of religious freedom and separation of church and state?;
The ethics of animal rights and welfare encompass questions about our moral obligations to sentient beings, the use of animals in scientific research and agriculture, and the treatment of animals in various industries. Can you discuss the ethical considerations surrounding animal rights, examining issues such as speciesism, cruelty, and exploitation, and proposing strategies for promoting animal welfare and reducing harm to non-human animals in human-dominated environments?;
Multinational corporations wield significant economic and political power in the global marketplace, shaping industries, influencing policies, and impacting communities worldwide. Should there be limits on the power of multinational corporations, and if so, what mechanisms can be implemented to hold corporations accountable for their actions, protect human rights and environmental standards, and promote corporate social responsibility and ethical business practices?;
Peacebuilding and conflict resolution are complex processes that require dialogue, reconciliation, and cooperation among diverse stakeholders. How can the international community promote peace in conflict zones around the world, supporting local efforts to address root causes of violence, build trust, and foster sustainable peace agreements that address the needs and aspirations of affected communities?;
Cultural traditions serve as repositories of collective identity, heritage, and values, shaping the ways in which individuals understand and engage with the world around them. Can you describe a cultural tradition that holds personal significance for you, reflecting on its origins, symbolism, and enduring relevance in your life, and considering how cultural practices contribute to social cohesion, intergenerational transmission of knowledge, and community resilience?;
Affirmative action policies aim to address systemic inequalities and historical injustices by promoting diversity and inclusion in education, employment, and other domains. Do you believe affirmative action policies are necessary to address inequality, and if so, what are the ethical and practical considerations in designing and implementing such policies to ensure fairness, meritocracy, and equal opportunities for all individuals, regardless of their background or identity?;
The debate over the implementation of universal basic income (UBI) has gained traction in recent years, with proponents arguing that it could alleviate poverty, address economic inequality, and provide financial security in an era of increasing automation and job displacement. From your perspective, what are the potential benefits and drawbacks of UBI, and how might societies navigate the logistical, economic, and cultural challenges of implementing such a policy?;
Social media platforms have become powerful tools for political mobilization, activism, and civic engagement, but they also raise concerns about echo chambers, filter bubbles, and the spread of misinformation. How can individuals and societies harness the potential of social media for positive social change, while also safeguarding against its negative impacts on public discourse, democratic norms, and social cohesion?;
Term limits for politicians are intended to promote democratic accountability, prevent the concentration of power, and foster opportunities for new leadership and fresh ideas. Should there be term limits for politicians, and if so, what criteria should determine the duration and scope of such limits, balancing the need for stability and experience with the imperative for renewal and representation?;
Climate change poses existential threats to ecosystems, economies, and human societies, necessitating urgent and coordinated action at local, national, and international levels. Can you discuss the impacts of climate change on global security, examining issues such as resource scarcity, displacement, and conflict, and proposing strategies for mitigating climate-related risks and building resilience in vulnerable communities?;
Nuclear weapons represent one of the most destructive and destabilizing forces in human history, with the potential to unleash catastrophic consequences on a global scale. Should nuclear weapons be abolished worldwide, and if so, what diplomatic, disarmament, and verification measures are necessary to achieve and maintain a nuclear-free world, ensuring collective security and preventing the proliferation of nuclear weapons?;
Empathy is often cited as a cornerstone of ethical decision-making, enabling individuals to understand and resonate with the experiences, perspectives, and emotions of others. How should empathy inform decision-making in personal and professional contexts, and what strategies can individuals cultivate to enhance their capacity for empathy, compassion, and ethical leadership in diverse and multicultural environments?;
Gun control policies are contentious issues in many societies, reflecting differing perspectives on individual rights, public safety, and the role of government in regulating firearms. Should there be restrictions on the sale of firearms, and if so, what measures can be implemented to balance the rights of gun owners with the imperative to prevent gun violence, protect vulnerable populations, and promote community safety?;
Sustainable agriculture practices are essential for ensuring food security, protecting natural resources, and mitigating the impacts of climate change on agricultural systems. How can societies promote sustainable agriculture, incentivize farmers to adopt regenerative practices, and support agricultural resilience in the face of environmental challenges, while also addressing issues such as food waste, land degradation, and biodiversity loss?;
"Autonomous weapons systems, also known as ""killer robots,"" raise profound ethical questions about the use of artificial intelligence and robotics in warfare, including concerns about accountability, discrimination, and the erosion of human control over life-and-death decisions. What are the ethical implications of autonomous weapons, and how can societies navigate the risks and dilemmas posed by the development and deployment of such technologies in military contexts?";
Geoengineering proposals to combat climate change, such as solar radiation management and carbon capture and storage, present complex ethical dilemmas regarding unintended consequences, distributive justice, and intergenerational equity. Can you discuss the ethical considerations of geoengineering, weighing the potential benefits of technological interventions against the ethical risks and uncertainties inherent in manipulating Earth's climate system?;
Corporate mergers and acquisitions have significant implications for market competition, consumer choice, and economic concentration, raising questions about monopolistic practices, antitrust regulations, and corporate accountability. Should there be limits on corporate mergers and acquisitions, and if so, what criteria should be used to assess their potential impact on market dynamics, innovation, and consumer welfare?;
The digital divide refers to disparities in access to technology and internet connectivity, which can exacerbate socioeconomic inequalities and limit opportunities for education, employment, and civic participation. How can societies address the digital divide, bridging gaps in digital literacy, infrastructure, and affordability to ensure equitable access to information and digital resources for all individuals, regardless of their background or geographic location?;
Pesticides play a critical role in modern agriculture by protecting crops from pests and diseases, but they also raise concerns about environmental pollution, human health risks, and ecosystem disruption. Should there be restrictions on the use of pesticides in agriculture, and if so, what alternative approaches and sustainable farming practices can be adopted to minimize reliance on chemical inputs and promote ecological resilience?;
Human genetic engineering holds the promise of curing genetic diseases, enhancing human capabilities, and even altering the course of evolution, but it also raises profound ethical questions about autonomy, equity, and the sanctity of life. Can you discuss the ethical considerations of human genetic engineering, examining issues such as genetic discrimination, designer babies, and the implications of genetic manipulation for future generations?;
The pharmaceutical industry plays a crucial role in developing life-saving medications and treatments, but it also faces criticism for issues such as high drug prices, patent monopolies, and conflicts of interest in research and marketing practices. Should there be limits on the influence of the pharmaceutical industry in healthcare, and if so, what regulatory reforms and transparency measures can be implemented to ensure ethical and equitable access to medications and healthcare services?;
Ethical leadership is essential for fostering trust, integrity, and accountability in organizations, communities, and societies. How can individuals cultivate ethical leadership qualities such as honesty, fairness, and empathy, and what strategies can leaders employ to promote ethical behavior, inspire ethical decision-making, and create cultures of integrity and respect within their spheres of influence?;
Racial and ethnic disparities persist in many facets of society, including healthcare, education, criminal justice, and employment, reflecting systemic barriers and structural inequalities rooted in historical injustices and social hierarchies. How can societies address systemic racism, dismantle institutional barriers, and promote racial equity and justice, fostering inclusive and equitable opportunities for all individuals, regardless of their race or ethnicity?;
Space exploration represents a frontier of scientific discovery, technological innovation, and human curiosity, but it also raises ethical questions about the appropriation of celestial resources, environmental impacts on celestial bodies, and the potential for space militarization and conflict. Can you discuss the ethical considerations of space exploration, balancing the imperative for exploration and discovery with the responsibility to preserve and protect the cosmos for future generations?;
The pursuit of happiness is a fundamental human aspiration, yet it can be elusive in a world marked by stress, uncertainty, and inequality. How can individuals cultivate happiness and well-being in their lives, drawing from principles of positive psychology, mindfulness, and resilience, and what societal structures and policies can support the pursuit of happiness as a collective goal, promoting flourishing and fulfillment for all members of society?;
Animal agriculture is a significant contributor to greenhouse gas emissions, deforestation, and biodiversity loss, as well as ethical concerns about animal welfare and suffering. How can societies transition towards more sustainable and ethical food systems, promoting plant-based diets, regenerative agriculture, and alternative protein sources to mitigate environmental impacts and promote animal welfare while ensuring food security and nutrition for all?;
Indigenous rights encompass the collective rights of indigenous peoples to self-determination, cultural integrity, and traditional lands and resources. How can societies recognize and respect indigenous rights, uphold treaties and agreements, and engage in meaningful consultation and collaboration with indigenous communities to address historical injustices and promote reconciliation, healing, and empowerment?;
Economic globalization has transformed the landscape of international trade, investment, and production, but it also raises questions about economic sovereignty, labor rights, and environmental standards. Can you discuss the impacts of globalization on cultural identity, local economies, and social cohesion, and propose strategies for fostering fair and sustainable globalization that balances economic growth with social and environmental justice?;
Education systems play a crucial role in shaping the knowledge, skills, and values of future generations, yet they often perpetuate inequalities based on factors such as socioeconomic status, race, and gender. How can societies promote inclusive and equitable education systems that provide all individuals with access to quality education, regardless of their background, abilities, or circumstances, and empower learners to reach their full potential and contribute to society?;
Restorative justice approaches focus on healing, accountability, and community involvement in responding to harm and conflict, offering alternatives to punitive measures such as incarceration and punishment. Can you discuss the principles and practices of restorative justice, exploring its potential to repair harm, restore relationships, and promote healing and reconciliation in communities affected by crime and violence?;
Technological innovation has the potential to revolutionize healthcare delivery, improve patient outcomes, and enhance the efficiency and accessibility of medical services. How can societies harness the power of technology to transform healthcare systems, promoting telemedicine, digital health records, and artificial intelligence to expand access to care, reduce healthcare disparities, and empower individuals to take control of their health and well-being?;
International humanitarian law establishes legal principles and protections for civilians and combatants during armed conflicts, including rules governing the conduct of hostilities, the treatment of prisoners of war, and the protection of civilian populations. Can you discuss the ethical considerations of humanitarian intervention, balancing the imperative to alleviate human suffering with respect for national sovereignty, non-intervention, and the principles of neutrality and impartiality?;
Urbanization is a global trend characterized by the rapid growth of cities and metropolitan areas, presenting opportunities and challenges for sustainable development, social inclusion, and environmental resilience. How can cities promote smart growth, equitable access to housing, transportation, and public services, and foster vibrant, livable communities that enhance quality of life for all residents while minimizing environmental impacts and promoting social cohesion?;
Microfinance initiatives provide financial services such as credit, savings, and insurance to low-income individuals and communities, empowering them to lift themselves out of poverty and build sustainable livelihoods. Can you discuss the impact of microfinance on poverty alleviation, entrepreneurship, and women's economic empowerment, and explore ways to scale up and sustain microfinance programs to reach more underserved populations and promote inclusive economic growth?;
Ethical consumption involves making conscious choices about the products we buy and the companies we support, taking into account factors such as environmental sustainability, labor practices, and corporate social responsibility. How can individuals practice ethical consumption in their daily lives, advocating for fair trade, sustainable production, and responsible consumption patterns that align with their values and contribute to positive social and environmental outcomes?;
Community-based conservation approaches engage local communities as stewards of natural resources, promoting sustainable land management, biodiversity conservation, and livelihood enhancement. Can you discuss the principles and practices of community-based conservation, highlighting successful examples of community-led initiatives to protect and preserve ecosystems, wildlife habitats, and cultural heritage, and exploring strategies for fostering community ownership and participation in conservation efforts?;
The refugee crisis poses humanitarian, political, and ethical challenges for the international community, as millions of people are forcibly displaced by conflict, persecution, and environmental disasters. How can nations address the root causes of forced displacement, provide protection and assistance to refugees, and promote durable solutions such as resettlement, integration, and peacebuilding efforts to address the underlying drivers of displacement?;
The digitalization of finance has transformed the landscape of banking, payments, and financial services, offering opportunities for innovation, efficiency, and financial inclusion, but also raising concerns about data privacy, cybersecurity, and digital exclusion. How can societies harness financial technology (fintech) to promote inclusive financial systems, expand access to banking and credit services, and empower individuals and businesses to participate in the digital economy while safeguarding against risks and vulnerabilities?;
Intersectionality is a framework that recognizes the complex interplay of multiple social identities, such as race, gender, sexuality, and class, in shaping individuals' experiences of privilege, discrimination, and marginalization. Can you discuss the concept of intersectionality, exploring its relevance for understanding systems of oppression and privilege, and proposing strategies for advancing social justice and equity through intersectional approaches to advocacy, policy-making, and community organizing?;
The right to privacy is a fundamental human right enshrined in international law, yet it faces increasing threats in an era of pervasive surveillance, data mining, and digital profiling. How can societies protect individuals' privacy rights in the digital age, balancing the imperatives of national security, law enforcement, and technological innovation with the need to safeguard personal data, autonomy, and dignity in online and offline environments?;
Arts and culture play vital roles in fostering creativity, expression, and social cohesion, yet they often face challenges such as funding cuts, censorship, and commodification in market-driven economies. How can societies support and promote arts and culture, investing in creative industries, cultural preservation, and public arts initiatives that reflect diverse voices, identities, and perspectives, and contribute to the enrichment and vitality of communities?;
Disability rights advocate for the rights and dignity of persons with disabilities, challenging discrimination, promoting accessibility, and ensuring equal opportunities in all aspects of life. How can societies advance disability rights, removing barriers to participation, advocating for inclusive policies and accommodations, and fostering a culture of respect, empathy, and empowerment that values the contributions and capabilities of individuals with disabilities?;
Indigenous knowledge systems encompass traditional practices, ecological wisdom, and cultural heritage that have sustained indigenous peoples for generations, yet they often face marginalization and erasure in mainstream education and development policies. How can societies recognize and integrate indigenous knowledge systems into education, research, and environmental management, acknowledging their contributions to sustainability, resilience, and intergenerational transmission of wisdom and values?;
Environmental justice advocates for equitable access to clean air, water, and land, as well as protection from environmental hazards and pollution, particularly for marginalized and vulnerable communities disproportionately affected by environmental degradation. How can societies address environmental injustices, centering the voices and experiences of frontline communities, and promoting participatory decision-making, community empowerment, and environmental stewardship to achieve environmental justice for all?;
The circular economy is an economic model that aims to minimize waste and resource depletion by maximizing the reuse, recycling, and regeneration of materials and products, fostering sustainable production and consumption patterns. How can societies transition to a circular economy, promoting eco-design, resource efficiency, and closed-loop systems that reduce environmental impacts, create economic opportunities, and contribute to the transition to a more sustainable and resilient future?;
Ethical tourism involves responsible travel practices that minimize negative impacts on the environment, culture, and communities, while maximizing benefits for local economies, conservation efforts, and cultural preservation. How can travelers practice ethical tourism, supporting sustainable tourism initiatives, respecting local customs and traditions, and fostering cross-cultural understanding and appreciation while minimizing their ecological footprint and promoting responsible tourism practices?;
Civic engagement encompasses the active participation of individuals in civic and political processes, including voting, advocacy, community organizing, and volunteerism, to promote social change and uphold democratic values. How can societies foster a culture of civic engagement, empowering citizens to take collective action on issues of public concern, hold leaders accountable, and contribute to the democratic governance of their communities?;
The sharing economy refers to peer-to-peer platforms and collaborative consumption models that enable individuals to share resources, such as transportation, accommodation, and goods, for mutual benefit and sustainability. How can societies leverage the sharing economy to promote resource efficiency, reduce waste, and build social connections and trust among participants, while addressing challenges such as regulatory compliance, labor rights, and consumer protection?;
Ethical journalism upholds principles of accuracy, fairness, and impartiality in reporting, serving as a watchdog for democracy and a check on abuses of power, while also respecting the dignity and rights of individuals featured in news stories. How can media outlets uphold ethical standards in journalism, combat misinformation and disinformation, and rebuild trust with audiences in an era of digital disruption and declining public confidence in traditional media?;
Diaspora communities represent the dispersal of people from their homelands to other parts of the world, often due to forced migration, economic opportunities, or educational pursuits, and maintain connections with their cultural heritage and ancestral roots. How can diaspora communities contribute to development, peacebuilding, and cultural exchange between their countries of origin and settlement, fostering transnational solidarity, collaboration, and mutual understanding across borders?;
The rights of LGBTQ+ individuals encompass the principles of equality, dignity, and non-discrimination, advocating for legal recognition, protection, and acceptance of diverse sexual orientations, gender identities, and expressions. How can societies promote LGBTQ+ rights, combat homophobia, transphobia, and other forms of discrimination, and create inclusive environments that affirm the rights and identities of LGBTQ+ individuals and communities?;
Green technologies encompass innovations and practices that promote environmental sustainability, such as renewable energy, energy efficiency, waste reduction, and eco-friendly materials and products. How can societies accelerate the adoption of green technologies, incentivize investment in clean energy and sustainable infrastructure, and transition towards low-carbon economies that mitigate climate change, create green jobs, and promote ecological resilience and biodiversity conservation?;
Indigenous languages are essential components of cultural identity and heritage, yet they face threats of extinction due to colonialism, globalization, and language shift towards dominant languages. How can societies support the revitalization and preservation of indigenous languages, recognizing their intrinsic value and contributions to linguistic diversity, cultural expression, and intergenerational transmission of knowledge, and promoting language rights and inclusive language policies?;
Science communication plays a crucial role in bridging the gap between scientific knowledge and public understanding, fostering informed decision-making, critical thinking, and engagement with scientific issues. How can scientists and communicators effectively communicate complex scientific concepts, navigate misinformation and skepticism, and build trust with diverse audiences, fostering science literacy, appreciation, and dialogue in society?;
Allyship involves leveraging one's privilege and power to advocate for and support marginalized or oppressed individuals and communities, amplifying their voices, challenging systemic injustices, and promoting equity and inclusion. How can individuals become effective allies, practicing humility, empathy, and active listening, and taking concrete actions to dismantle privilege and advance social justice, solidarity, and allyship across lines of difference?;
The future of humanity depends on our collective ability to address pressing global challenges, such as climate change, poverty, inequality, and conflict, through cooperation, innovation, and solidarity. How can individuals, communities, and nations work together to build a more just, sustainable, and resilient world, grounded in principles of human rights, environmental stewardship, and social justice, and informed by diverse perspectives, cultures, and values?;
